[
    {
        "name": "_kmfvt",
        "value": "1744986597"
    },
    {
        "name": "_kmid",
        "value": "d7d37034b293703d71d1589a17a2590f"
    },
    {
        "name": "_kmwl",
        "value": "1"
    },
    {
        "name": "referrer_url",
        "value": "https%3A%2F%2Fwww.google.com%2F"
    },
    {
        "name": "RORSSQIHEK",
        "value": "ac694b76e4efd51d75ebe1598976df64"
    },
    {
        "name": "slrememberme",
        "value": "18056068_%242y%2410%24OdmwjxhIxH3CV9CwxQ1fPe%2F5OSH800W0r7bXjMfgF648.BTg3CS2S"
    },
    {
        "name": "uad",
        "value": "18056068680261f095ca9972016805"
    }
]